policy,scenario,phase,observations,observe_fraction,rate_limit_fraction,block_fraction,mitigation_fraction
IMMEDIATE_BLOCK,FLASH_CROWD,NORMAL,44,1.0,0.0,0.0,0.0
IMMEDIATE_BLOCK,FLASH_CROWD,EARLY_CHANGE,40,1.0,0.0,0.0,0.0
IMMEDIATE_BLOCK,FLASH_CROWD,ESCALATION,120,1.0,0.0,0.0,0.0
IMMEDIATE_BLOCK,FLASH_CROWD,SUSTAINED,120,1.0,0.0,0.0,0.0
IMMEDIATE_BLOCK,FLASH_CROWD,DECAY,80,1.0,0.0,0.0,0.0
IMMEDIATE_BLOCK,FLASH_CROWD,RECOVERY,40,1.0,0.0,0.0,0.0
IMMEDIATE_BLOCK,ICMP_FLOOD,NORMAL,11,0.0,0.0,1.0,1.0
IMMEDIATE_BLOCK,ICMP_FLOOD,EARLY_CHANGE,10,0.0,0.0,1.0,1.0
IMMEDIATE_BLOCK,ICMP_FLOOD,ESCALATION,30,0.0,0.0,1.0,1.0
IMMEDIATE_BLOCK,ICMP_FLOOD,SUSTAINED,30,0.0,0.0,1.0,1.0
IMMEDIATE_BLOCK,ICMP_FLOOD,DECAY,20,0.0,0.0,1.0,1.0
IMMEDIATE_BLOCK,ICMP_FLOOD,RECOVERY,10,0.0,0.0,1.0,1.0
IMMEDIATE_BLOCK,NORMAL,NORMAL,187,1.0,0.0,0.0,0.0
IMMEDIATE_BLOCK,NORMAL,EARLY_CHANGE,170,1.0,0.0,0.0,0.0
IMMEDIATE_BLOCK,NORMAL,ESCALATION,510,1.0,0.0,0.0,0.0
IMMEDIATE_BLOCK,NORMAL,SUSTAINED,510,0.996078431372549,0.0,0.00392156862745098,0.00392156862745098
IMMEDIATE_BLOCK,NORMAL,DECAY,340,1.0,0.0,0.0,0.0
IMMEDIATE_BLOCK,NORMAL,RECOVERY,170,1.0,0.0,0.0,0.0
IMMEDIATE_BLOCK,SLOWLORIS,NORMAL,22,0.0,0.0,1.0,1.0
IMMEDIATE_BLOCK,SLOWLORIS,EARLY_CHANGE,20,0.0,0.0,1.0,1.0
IMMEDIATE_BLOCK,SLOWLORIS,ESCALATION,60,0.0,0.0,1.0,1.0
IMMEDIATE_BLOCK,SLOWLORIS,SUSTAINED,60,0.0,0.0,1.0,1.0
IMMEDIATE_BLOCK,SLOWLORIS,DECAY,40,0.0,0.0,1.0,1.0
IMMEDIATE_BLOCK,SLOWLORIS,RECOVERY,20,0.0,0.0,1.0,1.0
IMMEDIATE_BLOCK,SYN_FLOOD,NORMAL,33,0.21212121212121213,0.0,0.7878787878787878,0.7878787878787878
IMMEDIATE_BLOCK,SYN_FLOOD,EARLY_CHANGE,30,0.0,0.0,1.0,1.0
IMMEDIATE_BLOCK,SYN_FLOOD,ESCALATION,90,0.0,0.0,1.0,1.0
IMMEDIATE_BLOCK,SYN_FLOOD,SUSTAINED,90,0.0,0.0,1.0,1.0
IMMEDIATE_BLOCK,SYN_FLOOD,DECAY,60,0.0,0.0,1.0,1.0
IMMEDIATE_BLOCK,SYN_FLOOD,RECOVERY,30,0.0,0.0,1.0,1.0
IMMEDIATE_BLOCK,UDP_FLOOD,NORMAL,33,0.0,0.0,1.0,1.0
IMMEDIATE_BLOCK,UDP_FLOOD,EARLY_CHANGE,30,0.0,0.0,1.0,1.0
IMMEDIATE_BLOCK,UDP_FLOOD,ESCALATION,90,0.0,0.0,1.0,1.0
IMMEDIATE_BLOCK,UDP_FLOOD,SUSTAINED,90,0.0,0.0,1.0,1.0
IMMEDIATE_BLOCK,UDP_FLOOD,DECAY,60,0.0,0.0,1.0,1.0
IMMEDIATE_BLOCK,UDP_FLOOD,RECOVERY,30,0.0,0.0,1.0,1.0
PERSISTENCE_3,FLASH_CROWD,NORMAL,44,1.0,0.0,0.0,0.0
PERSISTENCE_3,FLASH_CROWD,EARLY_CHANGE,40,1.0,0.0,0.0,0.0
PERSISTENCE_3,FLASH_CROWD,ESCALATION,120,1.0,0.0,0.0,0.0
PERSISTENCE_3,FLASH_CROWD,SUSTAINED,120,1.0,0.0,0.0,0.0
PERSISTENCE_3,FLASH_CROWD,DECAY,80,1.0,0.0,0.0,0.0
PERSISTENCE_3,FLASH_CROWD,RECOVERY,40,1.0,0.0,0.0,0.0
PERSISTENCE_3,ICMP_FLOOD,NORMAL,11,0.18181818181818182,0.0,0.8181818181818182,0.8181818181818182
PERSISTENCE_3,ICMP_FLOOD,EARLY_CHANGE,10,0.0,0.0,1.0,1.0
PERSISTENCE_3,ICMP_FLOOD,ESCALATION,30,0.0,0.0,1.0,1.0
PERSISTENCE_3,ICMP_FLOOD,SUSTAINED,30,0.0,0.0,1.0,1.0
PERSISTENCE_3,ICMP_FLOOD,DECAY,20,0.0,0.0,1.0,1.0
PERSISTENCE_3,ICMP_FLOOD,RECOVERY,10,0.0,0.0,1.0,1.0
PERSISTENCE_3,NORMAL,NORMAL,187,1.0,0.0,0.0,0.0
PERSISTENCE_3,NORMAL,EARLY_CHANGE,170,1.0,0.0,0.0,0.0
PERSISTENCE_3,NORMAL,ESCALATION,510,1.0,0.0,0.0,0.0
PERSISTENCE_3,NORMAL,SUSTAINED,510,1.0,0.0,0.0,0.0
PERSISTENCE_3,NORMAL,DECAY,340,1.0,0.0,0.0,0.0
PERSISTENCE_3,NORMAL,RECOVERY,170,1.0,0.0,0.0,0.0
PERSISTENCE_3,SLOWLORIS,NORMAL,22,0.18181818181818182,0.0,0.8181818181818182,0.8181818181818182
PERSISTENCE_3,SLOWLORIS,EARLY_CHANGE,20,0.0,0.0,1.0,1.0
PERSISTENCE_3,SLOWLORIS,ESCALATION,60,0.0,0.0,1.0,1.0
PERSISTENCE_3,SLOWLORIS,SUSTAINED,60,0.0,0.0,1.0,1.0
PERSISTENCE_3,SLOWLORIS,DECAY,40,0.0,0.0,1.0,1.0
PERSISTENCE_3,SLOWLORIS,RECOVERY,20,0.0,0.0,1.0,1.0
PERSISTENCE_3,SYN_FLOOD,NORMAL,33,0.3939393939393939,0.0,0.6060606060606061,0.6060606060606061
PERSISTENCE_3,SYN_FLOOD,EARLY_CHANGE,30,0.0,0.0,1.0,1.0
PERSISTENCE_3,SYN_FLOOD,ESCALATION,90,0.0,0.0,1.0,1.0
PERSISTENCE_3,SYN_FLOOD,SUSTAINED,90,0.0,0.0,1.0,1.0
PERSISTENCE_3,SYN_FLOOD,DECAY,60,0.0,0.0,1.0,1.0
PERSISTENCE_3,SYN_FLOOD,RECOVERY,30,0.0,0.0,1.0,1.0
PERSISTENCE_3,UDP_FLOOD,NORMAL,33,0.18181818181818182,0.0,0.8181818181818182,0.8181818181818182
PERSISTENCE_3,UDP_FLOOD,EARLY_CHANGE,30,0.0,0.0,1.0,1.0
PERSISTENCE_3,UDP_FLOOD,ESCALATION,90,0.0,0.0,1.0,1.0
PERSISTENCE_3,UDP_FLOOD,SUSTAINED,90,0.0,0.0,1.0,1.0
PERSISTENCE_3,UDP_FLOOD,DECAY,60,0.0,0.0,1.0,1.0
PERSISTENCE_3,UDP_FLOOD,RECOVERY,30,0.0,0.0,1.0,1.0
TEMPORAL_EVIDENCE,FLASH_CROWD,NORMAL,44,1.0,0.0,0.0,0.0
TEMPORAL_EVIDENCE,FLASH_CROWD,EARLY_CHANGE,40,1.0,0.0,0.0,0.0
TEMPORAL_EVIDENCE,FLASH_CROWD,ESCALATION,120,1.0,0.0,0.0,0.0
TEMPORAL_EVIDENCE,FLASH_CROWD,SUSTAINED,120,1.0,0.0,0.0,0.0
TEMPORAL_EVIDENCE,FLASH_CROWD,DECAY,80,1.0,0.0,0.0,0.0
TEMPORAL_EVIDENCE,FLASH_CROWD,RECOVERY,40,1.0,0.0,0.0,0.0
TEMPORAL_EVIDENCE,ICMP_FLOOD,NORMAL,11,0.18181818181818182,0.18181818181818182,0.6363636363636364,0.8181818181818182
TEMPORAL_EVIDENCE,ICMP_FLOOD,EARLY_CHANGE,10,0.0,0.0,1.0,1.0
TEMPORAL_EVIDENCE,ICMP_FLOOD,ESCALATION,30,0.0,0.0,1.0,1.0
TEMPORAL_EVIDENCE,ICMP_FLOOD,SUSTAINED,30,0.0,0.0,1.0,1.0
TEMPORAL_EVIDENCE,ICMP_FLOOD,DECAY,20,0.0,0.0,1.0,1.0
TEMPORAL_EVIDENCE,ICMP_FLOOD,RECOVERY,10,0.0,0.0,1.0,1.0
TEMPORAL_EVIDENCE,NORMAL,NORMAL,187,1.0,0.0,0.0,0.0
TEMPORAL_EVIDENCE,NORMAL,EARLY_CHANGE,170,1.0,0.0,0.0,0.0
TEMPORAL_EVIDENCE,NORMAL,ESCALATION,510,1.0,0.0,0.0,0.0
TEMPORAL_EVIDENCE,NORMAL,SUSTAINED,510,1.0,0.0,0.0,0.0
TEMPORAL_EVIDENCE,NORMAL,DECAY,340,1.0,0.0,0.0,0.0
TEMPORAL_EVIDENCE,NORMAL,RECOVERY,170,1.0,0.0,0.0,0.0
TEMPORAL_EVIDENCE,SLOWLORIS,NORMAL,22,0.18181818181818182,0.18181818181818182,0.6363636363636364,0.8181818181818182
TEMPORAL_EVIDENCE,SLOWLORIS,EARLY_CHANGE,20,0.0,0.0,1.0,1.0
TEMPORAL_EVIDENCE,SLOWLORIS,ESCALATION,60,0.0,0.0,1.0,1.0
TEMPORAL_EVIDENCE,SLOWLORIS,SUSTAINED,60,0.0,0.0,1.0,1.0
TEMPORAL_EVIDENCE,SLOWLORIS,DECAY,40,0.0,0.0,1.0,1.0
TEMPORAL_EVIDENCE,SLOWLORIS,RECOVERY,20,0.0,0.0,1.0,1.0
TEMPORAL_EVIDENCE,SYN_FLOOD,NORMAL,33,0.3939393939393939,0.18181818181818182,0.42424242424242425,0.6060606060606061
TEMPORAL_EVIDENCE,SYN_FLOOD,EARLY_CHANGE,30,0.0,0.0,1.0,1.0
TEMPORAL_EVIDENCE,SYN_FLOOD,ESCALATION,90,0.06666666666666667,0.044444444444444446,0.8888888888888888,0.9333333333333333
TEMPORAL_EVIDENCE,SYN_FLOOD,SUSTAINED,90,0.0,0.0,1.0,1.0
TEMPORAL_EVIDENCE,SYN_FLOOD,DECAY,60,0.0,0.0,1.0,1.0
TEMPORAL_EVIDENCE,SYN_FLOOD,RECOVERY,30,0.13333333333333333,0.0,0.8666666666666667,0.8666666666666667
TEMPORAL_EVIDENCE,UDP_FLOOD,NORMAL,33,0.18181818181818182,0.18181818181818182,0.6363636363636364,0.8181818181818182
TEMPORAL_EVIDENCE,UDP_FLOOD,EARLY_CHANGE,30,0.0,0.0,1.0,1.0
TEMPORAL_EVIDENCE,UDP_FLOOD,ESCALATION,90,0.0,0.0,1.0,1.0
TEMPORAL_EVIDENCE,UDP_FLOOD,SUSTAINED,90,0.0,0.0,1.0,1.0
TEMPORAL_EVIDENCE,UDP_FLOOD,DECAY,60,0.0,0.0,1.0,1.0
TEMPORAL_EVIDENCE,UDP_FLOOD,RECOVERY,30,0.0,0.0,1.0,1.0
