policy,scenario,observations,attack_observations,benign_observations,attack_mitigation_rate,false_mitigation_rate,observe_fraction,rate_limit_fraction,block_fraction
IMMEDIATE_BLOCK,FLASH_CROWD,444,0,444,,0.0,1.0,0.0,0.0
IMMEDIATE_BLOCK,ICMP_FLOOD,111,70,41,0.6306306306306306,0.36936936936936937,0.0,0.0,1.0
IMMEDIATE_BLOCK,NORMAL,1887,0,1887,,0.0010598834128245894,0.9989401165871754,0.0,0.0010598834128245894
IMMEDIATE_BLOCK,SLOWLORIS,222,222,0,1.0,,0.0,0.0,1.0
IMMEDIATE_BLOCK,SYN_FLOOD,333,91,242,0.2732732732732733,0.7057057057057057,0.021021021021021023,0.0,0.978978978978979
IMMEDIATE_BLOCK,UDP_FLOOD,333,127,206,0.3813813813813814,0.6186186186186187,0.0,0.0,1.0
PERSISTENCE_3,FLASH_CROWD,444,0,444,,0.0,1.0,0.0,0.0
PERSISTENCE_3,ICMP_FLOOD,111,70,41,0.6306306306306306,0.35135135135135137,0.018018018018018018,0.0,0.9819819819819819
PERSISTENCE_3,NORMAL,1887,0,1887,,0.0,1.0,0.0,0.0
PERSISTENCE_3,SLOWLORIS,222,222,0,0.9819819819819819,,0.018018018018018018,0.0,0.9819819819819819
PERSISTENCE_3,SYN_FLOOD,333,91,242,0.26426426426426425,0.6966966966966966,0.03903903903903904,0.0,0.960960960960961
PERSISTENCE_3,UDP_FLOOD,333,127,206,0.3813813813813814,0.6006006006006006,0.018018018018018018,0.0,0.9819819819819819
TEMPORAL_EVIDENCE,FLASH_CROWD,444,0,444,,0.0,1.0,0.0,0.0
TEMPORAL_EVIDENCE,ICMP_FLOOD,111,70,41,0.6306306306306306,0.35135135135135137,0.018018018018018018,0.018018018018018018,0.963963963963964
TEMPORAL_EVIDENCE,NORMAL,1887,0,1887,,0.0,1.0,0.0,0.0
TEMPORAL_EVIDENCE,SLOWLORIS,222,222,0,0.9819819819819819,,0.018018018018018018,0.018018018018018018,0.963963963963964
TEMPORAL_EVIDENCE,SYN_FLOOD,333,91,242,0.2552552552552553,0.6756756756756757,0.06906906906906907,0.03003003003003003,0.9009009009009009
TEMPORAL_EVIDENCE,UDP_FLOOD,333,127,206,0.3813813813813814,0.6006006006006006,0.018018018018018018,0.018018018018018018,0.963963963963964
