run_id,scenario,normal_seconds,normal_attack_seconds,early_change_seconds,early_change_attack_seconds,escalation_seconds,escalation_attack_seconds,sustained_seconds,sustained_attack_seconds,decay_seconds,decay_attack_seconds,recovery_seconds,recovery_attack_seconds,first_attack_time,first_attack_phase,first_attack_label,early_change_first_attack,early_change_attack_class,escalation_first_attack,escalation_attack_class,sustained_first_attack,sustained_attack_class
RUN_030,SYN_FLOOD,20,20,10,10,30,30,30,30,20,20,10,10,2026-10-03 20:58:00,NORMAL,SYN_FLOOD,2026-10-03 20:58:20,SYN_FLOOD,2026-10-03 20:58:30,SYN_FLOOD,2026-10-03 20:59:00,SYN_FLOOD
RUN_037,UDP_FLOOD,20,20,10,10,30,30,30,30,20,20,10,10,2026-10-03 21:12:00,NORMAL,UDP_FLOOD,2026-10-03 21:12:20,UDP_FLOOD,2026-10-03 21:12:30,UDP_FLOOD,2026-10-03 21:13:00,UDP_FLOOD
RUN_069,SLOWLORIS,20,20,10,10,30,30,30,30,20,20,10,10,2026-10-03 22:16:00,NORMAL,SLOWLORIS,2026-10-03 22:16:20,SLOWLORIS,2026-10-03 22:16:30,SLOWLORIS,2026-10-03 22:17:00,SLOWLORIS
RUN_077,UDP_FLOOD,20,20,10,10,30,30,30,30,20,20,10,10,2026-10-03 22:32:00,NORMAL,UDP_FLOOD,2026-10-03 22:32:20,UDP_FLOOD,2026-10-03 22:32:30,UDP_FLOOD,2026-10-03 22:33:00,UDP_FLOOD
RUN_079,ICMP_FLOOD,20,20,10,10,30,30,30,30,20,20,10,10,2026-10-03 22:36:00,NORMAL,ICMP_FLOOD,2026-10-03 22:36:20,ICMP_FLOOD,2026-10-03 22:36:30,ICMP_FLOOD,2026-10-03 22:37:00,ICMP_FLOOD
RUN_083,SYN_FLOOD,20,20,10,10,30,30,30,30,20,20,10,10,2026-10-03 22:44:00,NORMAL,SYN_FLOOD,2026-10-03 22:44:20,SYN_FLOOD,2026-10-03 22:44:30,SYN_FLOOD,2026-10-03 22:45:00,SYN_FLOOD
RUN_105,SYN_FLOOD,20,20,10,10,30,30,30,30,20,20,10,10,2026-10-03 23:28:00,NORMAL,SYN_FLOOD,2026-10-03 23:28:20,SYN_FLOOD,2026-10-03 23:28:30,SYN_FLOOD,2026-10-03 23:29:00,SYN_FLOOD
RUN_111,SLOWLORIS,20,20,10,10,30,30,30,30,20,20,10,10,2026-10-03 23:40:00,NORMAL,SLOWLORIS,2026-10-03 23:40:20,SLOWLORIS,2026-10-03 23:40:30,SLOWLORIS,2026-10-03 23:41:00,SLOWLORIS
RUN_132,UDP_FLOOD,20,20,10,10,30,30,30,30,20,20,10,10,2026-10-04 00:22:00,NORMAL,UDP_FLOOD,2026-10-04 00:22:20,UDP_FLOOD,2026-10-04 00:22:30,UDP_FLOOD,2026-10-04 00:23:00,UDP_FLOOD
