experiment,file,rows,columns,status
attack_evolution_analysis,data/experiments/attack_evolution_analysis.csv,9,23,AVAILABLE
attack_transitions,data/experiments/attack_transitions.csv,9,3,AVAILABLE
cnn_lstm_temporal_predictions,data/experiments/cnn_lstm_temporal_predictions.csv,3330,11,AVAILABLE
cnn_lstm_test_predictions,data/experiments/cnn_lstm_test_predictions.csv,3330,4,AVAILABLE
early_detection_windows,data/experiments/early_detection_windows.csv,13950,9,AVAILABLE
feature_evolution,data/experiments/feature_evolution.csv,3600,11,AVAILABLE
inference_benchmark,data/experiments/inference_benchmark.csv,1,7,AVAILABLE
immediate_block_timeline,data/experiments/mitigation/immediate_block_timeline.csv,3330,15,AVAILABLE
mitigation_policy_summary,data/experiments/mitigation/mitigation_policy_summary.csv,3,11,AVAILABLE
persistence_3_timeline,data/experiments/mitigation/persistence_3_timeline.csv,3330,15,AVAILABLE
policy_phase_summary,data/experiments/mitigation/policy_phase_summary.csv,108,8,AVAILABLE
policy_scenario_summary,data/experiments/mitigation/policy_scenario_summary.csv,18,10,AVAILABLE
temporal_evidence_timeline,data/experiments/mitigation/temporal_evidence_timeline.csv,3330,15,AVAILABLE
global_feature_importance,data/experiments/shap/global_feature_importance.csv,75,3,AVAILABLE
overall_feature_importance,data/experiments/shap/overall_feature_importance.csv,15,2,AVAILABLE
predictions_10s,data/experiments/temporal_horizons/predictions_10s.csv,3330,6,AVAILABLE
predictions_1s,data/experiments/temporal_horizons/predictions_1s.csv,3600,6,AVAILABLE
predictions_3s,data/experiments/temporal_horizons/predictions_3s.csv,3540,6,AVAILABLE
predictions_5s,data/experiments/temporal_horizons/predictions_5s.csv,3480,6,AVAILABLE
temporal_horizon_results,data/experiments/temporal_horizons/temporal_horizon_results.csv,4,9,AVAILABLE
