feature,class,mean_abs_shap
ip_proto,BENIGN,5.39213579055231e-08
ip_proto,ICMP_FLOOD,9.362113823699336e-09
ip_proto,SLOWLORIS,2.537301013863513e-08
ip_proto,SYN_FLOOD,9.576583927875527e-09
ip_proto,UDP_FLOOD,1.0506549362057984e-08
tp_dst,BENIGN,4.116887696542331e-09
tp_dst,ICMP_FLOOD,7.957712746875035e-10
tp_dst,SLOWLORIS,1.7854992224010726e-09
tp_dst,SYN_FLOOD,6.66055703551821e-10
tp_dst,UDP_FLOOD,8.724670637490737e-10
duration_sec,BENIGN,4.984001313171338e-08
duration_sec,ICMP_FLOOD,9.815185308091611e-09
duration_sec,SLOWLORIS,2.1516775623141305e-08
duration_sec,SYN_FLOOD,8.292914775477612e-09
duration_sec,UDP_FLOOD,1.0265653117447899e-08
packet_count,BENIGN,8.74259473195027e-08
packet_count,ICMP_FLOOD,1.8740679243716557e-08
packet_count,SLOWLORIS,3.7014200089668933e-08
packet_count,SYN_FLOOD,1.3735002921070467e-08
packet_count,UDP_FLOOD,1.8238914152035602e-08
byte_count,BENIGN,5.894107298162754e-08
byte_count,ICMP_FLOOD,1.2090864030191335e-08
byte_count,SLOWLORIS,2.60345440039611e-08
byte_count,SYN_FLOOD,9.679904210673635e-09
byte_count,UDP_FLOOD,1.1354300821844743e-08
pkt_delta,BENIGN,1.5903794425981e-07
pkt_delta,ICMP_FLOOD,3.141043137422361e-08
pkt_delta,SLOWLORIS,7.297213212312247e-08
pkt_delta,SYN_FLOOD,2.6360804418583404e-08
pkt_delta,UDP_FLOOD,2.8395342021106384e-08
byte_delta,BENIGN,8.533860426524972e-08
byte_delta,ICMP_FLOOD,1.6568496690322342e-08
byte_delta,SLOWLORIS,3.811152390092998e-08
byte_delta,SYN_FLOOD,1.4226022215600014e-08
byte_delta,UDP_FLOOD,1.651697691534837e-08
pkts_per_sec,BENIGN,1.031157873371269e-07
pkts_per_sec,ICMP_FLOOD,2.139262851558188e-08
pkts_per_sec,SLOWLORIS,4.6193297471852635e-08
pkts_per_sec,SYN_FLOOD,1.6531365387151276e-08
pkts_per_sec,UDP_FLOOD,1.9109141993628454e-08
bytes_per_sec,BENIGN,4.152659840009343e-08
bytes_per_sec,ICMP_FLOOD,8.697457083810256e-09
bytes_per_sec,SLOWLORIS,1.7875021495880258e-08
bytes_per_sec,SYN_FLOOD,6.986315635899854e-09
bytes_per_sec,UDP_FLOOD,8.142539817800748e-09
avg_pkt_size,BENIGN,3.7263240087459513e-07
avg_pkt_size,ICMP_FLOOD,7.770620181785092e-08
avg_pkt_size,SLOWLORIS,1.6400911380221038e-07
avg_pkt_size,SYN_FLOOD,6.191159386534361e-08
avg_pkt_size,UDP_FLOOD,6.916938950496388e-08
active_flows,BENIGN,1.6398418667240565e-07
active_flows,ICMP_FLOOD,3.439973191445011e-08
active_flows,SLOWLORIS,7.436763746884734e-08
active_flows,SYN_FLOOD,2.612431884263522e-08
active_flows,UDP_FLOOD,2.9552147234514908e-08
inter_arrival_mean,BENIGN,1.0662338859268594e-07
inter_arrival_mean,ICMP_FLOOD,2.1711983878291984e-08
inter_arrival_mean,SLOWLORIS,4.2951144129284305e-08
inter_arrival_mean,SYN_FLOOD,1.7325842895377086e-08
inter_arrival_mean,UDP_FLOOD,2.519928491380441e-08
packet_rate_std,BENIGN,6.414118818381074e-09
packet_rate_std,ICMP_FLOOD,1.3921044540428708e-09
packet_rate_std,SLOWLORIS,2.6872281748283392e-09
packet_rate_std,SYN_FLOOD,1.0524014438823437e-09
packet_rate_std,UDP_FLOOD,1.2980999485046052e-09
byte_rate_std,BENIGN,4.767383750686749e-09
byte_rate_std,ICMP_FLOOD,1.0501855499036195e-09
byte_rate_std,SLOWLORIS,2.059889511948909e-09
byte_rate_std,SYN_FLOOD,7.736341275644377e-10
byte_rate_std,UDP_FLOOD,8.876520188804901e-10
flow_persistence_sec,BENIGN,0.0
flow_persistence_sec,ICMP_FLOOD,0.0
flow_persistence_sec,SLOWLORIS,0.0
flow_persistence_sec,SYN_FLOOD,0.0
flow_persistence_sec,UDP_FLOOD,0.0
