feature,mean_abs_shap
avg_pkt_size,1.4908573997299278e-07
active_flows,6.568560442657064e-08
pkt_delta,6.363533083936917e-08
inter_arrival_mean,4.2762328881888745e-08
pkts_per_sec,4.1268444141068234e-08
packet_count,3.5030948745198856e-08
byte_delta,3.415232479749009e-08
byte_count,2.362013720965967e-08
ip_proto,2.1747923031558217e-08
duration_sec,1.994610839117436e-08
bytes_per_sec,1.664558648669691e-08
packet_rate_std,2.568790567927847e-09
byte_rate_std,1.9077489917968414e-09
tp_dst,1.6473361921863604e-09
flow_persistence_sec,0.0
